{
  "config": {
    "admin": "sei18ytjd80hsrwfwu53ape7nxk02hhg70a9lzwg6z",
    "total_token_amount": "1200000",
    "creator_amount": "325000",
    "pool_amount": "350000",
    "commit_amount": "200000000",
    "bluechip_amount": "25000",
    "token_id": 1,
    "pair_id": 1,
    "bluechip_address": "sei18ytjd80hsrwfwu53ape7nxk02hhg70a9lzwg6z",
    "bluechipe_fee": "0.01",
    "creator_fee": "0.05",
    "commit_limit_usd": "25000000000",
    "oracle_addr": "sei1pythcontract...",
    "oracle_symbol": "USD"
  }
}
